Root_Source,File_Name,Extension,File_Path,Size_Bytes,Created_Date,Modified_Date,MD5_Hash
..\..\data\input_samples,1043.50.101 US 9 and 32 Insect.accdb,.accdb,..\..\data\input_samples\1043.50.101 US 9 and 32 Insect.accdb,1433600,2025-01-29 11:23:25,2025-01-29 11:23:25,1d7387a21048a70f1b48b4a4277c8f42
..\..\data\input_samples,1BOW.00.101 Prattsville (10-2014).accdb,.accdb,..\..\data\input_samples\1BOW.00.101 Prattsville (10-2014).accdb,2351104,2025-01-29 11:23:25,2025-01-29 11:23:25,a82a5abfb45d7731e201470f61395682
..\..\data\input_samples,1EST.03 Rotterdam Junction (4-2108).accdb,.accdb,..\..\data\input_samples\1EST.03 Rotterdam Junction (4-2108).accdb,4718592,2025-01-29 11:23:25,2025-01-29 11:23:25,9b8a56b5b975ef5f58a06a2fa00a01ab
..\..\data\input_samples,8561.34.121 Yorktown Heights (01-10).accdb,.accdb,..\..\data\input_samples\8561.34.121 Yorktown Heights (01-10).accdb,1273856,2025-01-29 11:23:25,2025-01-29 11:23:25,838240e5d4b51111462fe7721bd3e529
..\..\data\input_samples,DEC Lake George Park Commission (12-2017).accdb,.accdb,..\..\data\input_samples\DEC Lake George Park Commission (12-2017).accdb,4853760,2025-01-29 11:23:25,2025-01-29 11:23:25,4079e299092056d631b2695f29695312
..\..\data\input_samples,1808.68.101 DEC Camp Ground Restoration (08-11).accdb,.accdb,..\..\data\input_samples\file_search_test_sub\1808.68.101 DEC Camp Ground Restoration (08-11).accdb,1445888,2025-01-29 11:23:25,2025-01-29 11:23:25,b6f565a161a5080986c973930039e50c
..\..\data\input_samples,2801.27.122 - Judd Road Survey (Hobby Site) foxpro.accdb,.accdb,..\..\data\input_samples\file_search_test_sub\2801.27.122 - Judd Road Survey (Hobby Site) foxpro.accdb,1069056,2025-01-29 11:23:25,2025-01-29 11:23:25,fa63f1e6cf5c6c8ee762915034801874
..\..\data\input_samples,2801.27.122 Judd Road Extension Addendum B (05-11).accdb,.accdb,..\..\data\input_samples\file_search_test_sub\2801.27.122 Judd Road Extension Addendum B (05-11).accdb,1294336,2025-01-29 11:23:25,2025-01-29 11:23:25,02d63d519fefc4c265cd46aa2ec728f5
..\..\data\input_samples,3076.21.101 Rt. 5 Elbridge (8-2016).accdb,.accdb,..\..\data\input_samples\file_search_test_sub\3076.21.101 Rt. 5 Elbridge (8-2016).accdb,3387392,2025-01-29 11:23:25,2025-01-29 11:23:25,80ee28aaf77c4c8413d075db6a60465c
..\..\data\input_samples,8393.24.121 NY 376 at Robinson Ln (11-11).accdb,.accdb,..\..\data\input_samples\file_search_test_sub\8393.24.121 NY 376 at Robinson Ln (11-11).accdb,1744896,2025-01-29 11:23:25,2025-01-29 11:23:25,13b29d4999990241f5b64b5f72f6bde8
..\..\data\input_samples,OGS Groveland (4-2018).accdb,.accdb,..\..\data\input_samples\file_search_test_sub\OGS Groveland (4-2018).accdb,1839104,2025-01-29 11:23:25,2025-01-29 11:23:25,9535a60640d284728e16bc6760d3c605
X:\CRSP Fieldwork 2025,1011.13.101 NY 145 Slope (11-2025).accdb,.accdb,X:\CRSP Fieldwork 2025\1011.13.101 NY 145 Slope (11-2025).accdb,2916352,2025-11-17 11:17:27,2026-01-29 09:48:36,9ac4b57baf43b0eb7a5628aa00caceff
X:\CRSP Fieldwork 2025,1347.09.121 Rte. 396 Over Coeymans Creek (09-2025).accdb,.accdb,X:\CRSP Fieldwork 2025\1347.09.121 Rte. 396 Over Coeymans Creek (09-2025).accdb,2916352,2025-09-08 08:58:44,2026-01-29 11:30:36,283712320bc8295250b5a11882eac388
X:\CRSP Fieldwork 2025,1LC1.04.102 Lake George Culvert (09-2025).accdb,.accdb,X:\CRSP Fieldwork 2025\1LC1.04.102 Lake George Culvert (09-2025).accdb,2916352,2025-09-17 12:11:51,2026-01-29 09:43:12,6f5ee3d64f8c437b3e62ecc058bf0948
X:\CRSP Fieldwork 2025,2806.87.101 Culvert C260033 (Bridgewater) (07-2025).accdb,.accdb,X:\CRSP Fieldwork 2025\2806.87.101 Culvert C260033 (Bridgewater) (07-2025).accdb,3108864,2025-07-30 08:11:50,2026-01-29 11:30:33,bb548191dcacab4eb5de2b01537e0513
X:\CRSP Fieldwork 2025,3037.73.121 Rt. 31 over Canal (12-2025).accdb,.accdb,X:\CRSP Fieldwork 2025\3037.73.121 Rt. 31 over Canal (12-2025).accdb,2916352,2025-12-29 13:28:01,2026-02-06 15:23:49,673de7097864a61285ae40cc57056ba2
X:\CRSP Fieldwork 2025,5134.55.101 Evans (10-2025).accdb,.accdb,X:\CRSP Fieldwork 2025\5134.55.101 Evans (10-2025).accdb,3792896,2025-10-23 11:42:40,2026-02-09 09:31:18,c8927d579b12ce9c6554b8d31a4f2ea9
X:\CRSP Fieldwork 2025,5512.56.121 Bowmansville (04-2025).accdb,.accdb,X:\CRSP Fieldwork 2025\5512.56.121 Bowmansville (04-2025).accdb,3366912,2025-04-02 08:39:15,2026-02-18 09:36:13,858b04a2506ffc7ad2243840389f8306
X:\CRSP Fieldwork 2025,8062.60.101 I-84 Corridor Truck Parking (09-2025).accdb,.accdb,X:\CRSP Fieldwork 2025\8062.60.101 I-84 Corridor Truck Parking (09-2025).accdb,12529664,2025-09-17 13:19:35,2026-01-29 09:55:41,1d1e69c1668995874fced794bf643a88
X:\CRSP Fieldwork 2025,8065.12.121 Rt 17 Exits Orange County (04-2025)copy.accdb,.accdb,X:\CRSP Fieldwork 2025\8065.12.121 Rt 17 Exits Orange County (04-2025)copy.accdb,11837440,2025-07-28 14:50:42,2026-01-29 09:56:36,2c47e336936c1fc9777f5f6e9ff80d28
X:\CRSP Fieldwork 2025,9068.03.101 Rt. 17 Exit 107 (11-2025).accdb,.accdb,X:\CRSP Fieldwork 2025\9068.03.101 Rt. 17 Exit 107 (11-2025).accdb,2916352,2025-12-03 12:38:21,2026-01-29 09:57:08,c0a95d979bb42d6dc8eef161f587ea77
X:\CRSP Fieldwork 2025,9LC1.21.101 Culvert C650076 (Richford) (07-2025).accdb,.accdb,X:\CRSP Fieldwork 2025\9LC1.21.101 Culvert C650076 (Richford) (07-2025).accdb,2916352,2025-07-28 10:34:40,2026-01-29 09:44:27,3e3c126a4256dd40eef732aa75c3061e
X:\CRSP Fieldwork 2025,9LC1.21.101 Culvert C920080 (Plymouth) (07-2025).accdb,.accdb,X:\CRSP Fieldwork 2025\9LC1.21.101 Culvert C920080 (Plymouth) (07-2025).accdb,2916352,2025-07-29 13:56:03,2026-01-29 09:44:58,6821e9dd99c195fe09bcad7c80616adc
X:\CRSP Fieldwork 2025,9LC1.21.101 Culvert C920112 (Coventry) (04-2025).accdb,.accdb,X:\CRSP Fieldwork 2025\9LC1.21.101 Culvert C920112 (Coventry) (04-2025).accdb,2916352,2025-06-12 11:45:15,2026-01-29 09:45:19,536065775aea8438e3367d645695365d
X:\CRSP Fieldwork 2025,9LC1.21.101 Culvert C920114 (Coventry) (04-2025).accdb,.accdb,X:\CRSP Fieldwork 2025\9LC1.21.101 Culvert C920114 (Coventry) (04-2025).accdb,2916352,2025-06-12 11:44:12,2026-01-29 09:45:25,8bea78960fb9dc6146daf3f2bd6a7560
X:\CRSP Fieldwork 2025,9LC1.21.101 Culvert C920181 (Columbus) (07-2025).accdb,.accdb,X:\CRSP Fieldwork 2025\9LC1.21.101 Culvert C920181 (Columbus) (07-2025).accdb,2916352,2025-07-16 08:28:20,2026-01-29 09:46:39,3835df488c275578550d1cb9e74f96cf
X:\CRSP Fieldwork 2025,9LC1.21.101 Culvert C920182 (Sherburne) (07-2025).accdb,.accdb,X:\CRSP Fieldwork 2025\9LC1.21.101 Culvert C920182 (Sherburne) (07-2025).accdb,2985984,2025-07-16 09:22:35,2026-01-29 09:46:57,dad1651133303c6fce50276a75052635
X:\CRSP Fieldwork 2025,9LC1.21.101 Culvert C960008 (Cobleskill) (07-2025).accdb,.accdb,X:\CRSP Fieldwork 2025\9LC1.21.101 Culvert C960008 (Cobleskill) (07-2025).accdb,2916352,2025-07-28 09:47:38,2026-01-29 09:47:11,4e17b0ff5de4b977da8317111d6b06de
X:\CRSP Fieldwork 2025,9LC1.21.101 Culvert C963054 (Bovina-Delhi) (04-2025).accdb,.accdb,X:\CRSP Fieldwork 2025\9LC1.21.101 Culvert C963054 (Bovina-Delhi) (04-2025).accdb,2916352,2025-04-17 09:18:04,2026-01-29 11:30:10,f96af6fcae5716eedf41504f2f7f3bda
X:\CRSP Fieldwork 2025,9LC1.21.101 Culvert C963058 (Bovina-Delhi) (04-2025.accdb,.accdb,X:\CRSP Fieldwork 2025\9LC1.21.101 Culvert C963058 (Bovina-Delhi) (04-2025.accdb,2916352,2025-04-17 09:19:12,2026-01-29 11:30:01,31d5792b583e0efdb0fdc973d609fedd
X:\CRSP Fieldwork 2025,9LC1.21.101 Culvert C970019 (Wurtsboro) (07-2025).accdb,.accdb,X:\CRSP Fieldwork 2025\9LC1.21.101 Culvert C970019 (Wurtsboro) (07-2025).accdb,2916352,2025-07-29 12:12:26,2026-01-29 09:48:15,0a3cfcfb05270ef54aec33e974a08a4f
X:\CRSP Fieldwork 2025,DEC Lake George (06-2025).accdb,.accdb,X:\CRSP Fieldwork 2025\DEC Lake George (06-2025).accdb,2916352,2025-06-05 10:51:24,2026-01-29 09:57:27,1e89acb226844f6d11cf3a6f5c4b0f83
X:\CRSP Fieldwork 2025,S935.78.101 Medina Orleans County (10-25).accdb,.accdb,X:\CRSP Fieldwork 2025\S935.78.101 Medina Orleans County (10-25).accdb,2916352,2025-10-23 09:59:20,2026-01-29 09:57:52,cb2d511021c520c9826f3058dd76ab95
X:\CRSP Fieldwork 2025,8065.12.121 Rt 17 Exits Orange County (04-2025)OLD Read Only.accdb,.accdb,X:\CRSP Fieldwork 2025\OLD\8065.12.121 Rt 17 Exits Orange County (04-2025)OLD Read Only.accdb,2301952,2025-07-28 14:48:40,2025-08-18 14:22:12,d05cdeb8656e1292abf7fc10cc6fcd71
